"","X","pathID","pathway"
"1","4-AMINOBUTANOATE","map01100","Metabolic pathways"
"2","4-AMINOBUTANOATE","map01120","Microbial metabolism in diverse environments"
"3","4-AMINOBUTANOATE","map00650","Butanoate metabolism"
"4","4-AMINOBUTANOATE","map00250","Alanine, aspartate and glutamate metabolism"
"5","4-AMINOBUTANOATE","map00330","Arginine and proline metabolism"
"6","4-AMINOBUTANOATE","map00410","beta-Alanine metabolism"
"7","4-AMINOBUTANOATE","map00760","Nicotinate and nicotinamide metabolism"
"8","4-AMINOBUTANOATE","map04024","cAMP signaling pathway"
"9","4-AMINOBUTANOATE","map04080","Neuroactive ligand-receptor interaction"
"10","4-AMINOBUTANOATE","map02024","Quorum sensing"
"11","4-AMINOBUTANOATE","map04929","GnRH secretion"
"12","4-AMINOBUTANOATE","map04915","Estrogen signaling pathway"
"13","4-AMINOBUTANOATE","map04727","GABAergic synapse"
"14","4-AMINOBUTANOATE","map04723","Retrograde endocannabinoid signaling"
"15","4-AMINOBUTANOATE","map04721","Synaptic vesicle cycle"
"16","4-AMINOBUTANOATE","map04742","Taste transduction"
"17","4-AMINOBUTANOATE","map05032","Morphine addiction"
"18","4-AMINOBUTANOATE","map05033","Nicotine addiction"
"20","CREATININE","map01100","Metabolic pathways"
"21","CREATININE","map00330","Arginine and proline metabolism"
"22","PHOSPHORYLCHOLINE","map01100","Metabolic pathways"
"23","PHOSPHORYLCHOLINE","map00564","Glycerophospholipid metabolism"
"24","PHOSPHORYLCHOLINE","map00552","Teichoic acid biosynthesis"
"25","PHOSPHORYLCHOLINE","map05231","Choline metabolism in cancer"
"26","N-ACETYLPHENYLALANINE","map01100","Metabolic pathways"
"27","N-ACETYLPHENYLALANINE","map00360","Phenylalanine metabolism"
"28","L-CARNOSINE","map01100","Metabolic pathways"
"29","L-CARNOSINE","map00340","Histidine metabolism"
"30","L-CARNOSINE","map00410","beta-Alanine metabolism"
"32","N-Acetylaspartylglutamic acid","map01100","Metabolic pathways"
"33","N-Acetylaspartylglutamic acid","map00250","Alanine, aspartate and glutamate metabolism"
"34","N-Acetylaspartylglutamic acid","map04080","Neuroactive ligand-receptor interaction"
"35","EPIGALLOCATECHIN","map01100","Metabolic pathways"
"36","EPIGALLOCATECHIN","map01110","Biosynthesis of secondary metabolites"
"37","EPIGALLOCATECHIN","map00941","Flavonoid biosynthesis"
"38","EPIGALLOCATECHIN","map01061","Biosynthesis of phenylpropanoids"
"39","epsilon-Fructoselysine","map02060","Phosphotransferase system (PTS)"
"40","CHOLINE","map01100","Metabolic pathways"
"41","CHOLINE","map00564","Glycerophospholipid metabolism"
"42","CHOLINE","map00260","Glycine, serine and threonine metabolism"
"43","CHOLINE","map00552","Teichoic acid biosynthesis"
"44","CHOLINE","map02010","ABC transporters"
"45","CHOLINE","map04976","Bile secretion"
"46","CHOLINE","map04725","Cholinergic synapse"
"47","CHOLINE","map05231","Choline metabolism in cancer"
"48","5-AMINOVALERIC ACID","map01100","Metabolic pathways"
"49","5-AMINOVALERIC ACID","map01120","Microbial metabolism in diverse environments"
"50","5-AMINOVALERIC ACID","map00310","Lysine degradation"
"51","5-AMINOVALERIC ACID","map00330","Arginine and proline metabolism"
"52","5-AMINOVALERIC ACID","map00470","D-Amino acid metabolism"
"54","NIACINAMIDE","map01100","Metabolic pathways"
"55","NIACINAMIDE","map01240","Biosynthesis of cofactors"
"56","NIACINAMIDE","map00760","Nicotinate and nicotinamide metabolism"
"57","NIACINAMIDE","map04977","Vitamin digestion and absorption"
"58","NIACINAMIDE","map04212","Longevity regulating pathway - worm"
"59","ISONICOTINIC ACID","map00983","Drug metabolism - other enzymes"
"60","5-OXO-L-PROLINE","map01100","Metabolic pathways"
"61","5-OXO-L-PROLINE","map00480","Glutathione metabolism"
"63","PIPECOLIC ACID","map01100","Metabolic pathways"
"64","PIPECOLIC ACID","map01110","Biosynthesis of secondary metabolites"
"65","PIPECOLIC ACID","map01120","Microbial metabolism in diverse environments"
"66","PIPECOLIC ACID","map00310","Lysine degradation"
"67","PIPECOLIC ACID","map00960","Tropane, piperidine and pyridine alkaloid biosynthesis"
"68","PIPECOLIC ACID","map01060","Biosynthesis of plant secondary metabolites"
"69","PIPECOLIC ACID","map01064","Biosynthesis of alkaloids derived from ornithine, lysine and nicotinic acid"
"70","5,6-DIHYDROURACIL","map01100","Metabolic pathways"
"71","5,6-DIHYDROURACIL","map00240","Pyrimidine metabolism"
"72","5,6-DIHYDROURACIL","map00410","beta-Alanine metabolism"
"73","5,6-DIHYDROURACIL","map00770","Pantothenate and CoA biosynthesis"
"74","P-OCTOPAMINE","map04080","Neuroactive ligand-receptor interaction"
"75","4-GUANIDINOBUTANOIC ACID","map01100","Metabolic pathways"
"76","4-GUANIDINOBUTANOIC ACID","map00330","Arginine and proline metabolism"
"77","3-METHYLHISTIDINE","map01100","Metabolic pathways"
"78","3-METHYLHISTIDINE","map00340","Histidine metabolism"
"80","N-ACETYL-L-ASPARTIC ACID","map01100","Metabolic pathways"
"81","N-ACETYL-L-ASPARTIC ACID","map00250","Alanine, aspartate and glutamate metabolism"
"82","CITRULLINE","map01100","Metabolic pathways"
"83","CITRULLINE","map01110","Biosynthesis of secondary metabolites"
"84","CITRULLINE","map01230","Biosynthesis of amino acids"
"85","CITRULLINE","map00220","Arginine biosynthesis"
"87","N-EPSILON-ACETYLLYSINE","map01100","Metabolic pathways"
"88","N-EPSILON-ACETYLLYSINE","map00380","Tryptophan metabolism"
"89","N-EPSILON-ACETYLLYSINE","map01070","Biosynthesis of plant hormones"
"90","N-EPSILON-ACETYLLYSINE","map04075","Plant hormone signal transduction"
"92","N,N-ACETYLHISTIDINE","map04931","Insulin resistance"
"94","CYCLO(LEU-PRO)","map01100","Metabolic pathways"
"95","CYCLO(LEU-PRO)","map00340","Histidine metabolism"
"96","CYCLO(LEU-PRO)","map00410","beta-Alanine metabolism"
"97","ANSERINE","map00564","Glycerophospholipid metabolism"
"98","ANSERINE","map00565","Ether lipid metabolism"
"99","ANSERINE","map05231","Choline metabolism in cancer"
"100","SN-GLYCERO-3-PHOSPHOCHOLINE","map01100","Metabolic pathways"
"101","SN-GLYCERO-3-PHOSPHOCHOLINE","map01232","Nucleotide metabolism"
"102","SN-GLYCERO-3-PHOSPHOCHOLINE","map00230","Purine metabolism"
"103","SN-GLYCERO-3-PHOSPHOCHOLINE","map02010","ABC transporters"
"104","SN-GLYCERO-3-PHOSPHOCHOLINE","map04071","Sphingolipid signaling pathway"
"105","SN-GLYCERO-3-PHOSPHOCHOLINE","map04024","cAMP signaling pathway"
"106","SN-GLYCERO-3-PHOSPHOCHOLINE","map04022","cGMP-PKG signaling pathway"
"107","SN-GLYCERO-3-PHOSPHOCHOLINE","map04080","Neuroactive ligand-receptor interaction"
"108","SN-GLYCERO-3-PHOSPHOCHOLINE","map04923","Regulation of lipolysis in adipocytes"
"109","SN-GLYCERO-3-PHOSPHOCHOLINE","map04924","Renin secretion"
"110","SN-GLYCERO-3-PHOSPHOCHOLINE","map04270","Vascular smooth muscle contraction"
"111","SN-GLYCERO-3-PHOSPHOCHOLINE","map05012","Parkinson disease"
"112","SN-GLYCERO-3-PHOSPHOCHOLINE","map05032","Morphine addiction"
"113","SN-GLYCERO-3-PHOSPHOCHOLINE","map05034","Alcoholism"
"114","ADENOSINE","map01100","Metabolic pathways"
"115","ADENOSINE","map00600","Sphingolipid metabolism"
"116","ADENOSINE","map04071","Sphingolipid signaling pathway"
"117","ADENOSINE","map04210","Apoptosis"
"118","ADENOSINE","map04217","Necroptosis"
"119","SPHINGOSINE","map01100","Metabolic pathways"
"120","SPHINGOSINE","map01110","Biosynthesis of secondary metabolites"
"121","SPHINGOSINE","map01232","Nucleotide metabolism"
"122","SPHINGOSINE","map01240","Biosynthesis of cofactors"
"123","SPHINGOSINE","map00230","Purine metabolism"
"124","SPHINGOSINE","map00908","Zeatin biosynthesis"
"125","SPHINGOSINE","map01060","Biosynthesis of plant secondary metabolites"
"126","SPHINGOSINE","map01065","Biosynthesis of alkaloids derived from histidine and purine"
"127","SPHINGOSINE","map01070","Biosynthesis of plant hormones"
"128","SPHINGOSINE","map04068","FoxO signaling pathway"
"129","SPHINGOSINE","map04024","cAMP signaling pathway"
"130","SPHINGOSINE","map04022","cGMP-PKG signaling pathway"
"131","SPHINGOSINE","map04151","PI3K-Akt signaling pathway"
"132","SPHINGOSINE","map04152","AMPK signaling pathway"
"133","SPHINGOSINE","map04150","mTOR signaling pathway"
"134","SPHINGOSINE","map04923","Regulation of lipolysis in adipocytes"
"135","SPHINGOSINE","map04928","Parathyroid hormone synthesis, secretion and action"
"136","SPHINGOSINE","map04924","Renin secretion"
"137","SPHINGOSINE","map04925","Aldosterone synthesis and secretion"
"138","SPHINGOSINE","map04927","Cortisol synthesis and secretion"
"139","SPHINGOSINE","map04740","Olfactory transduction"
"140","SPHINGOSINE","map04742","Taste transduction"
"141","SPHINGOSINE","map04211","Longevity regulating pathway"
"142","SPHINGOSINE","map05012","Parkinson disease"
"143","SPHINGOSINE","map05022","Pathways of neurodegeneration - multiple diseases"
"144","SPHINGOSINE","map05032","Morphine addiction"
"145","SPHINGOSINE","map04934","Cushing syndrome"
"146","SPHINGOSINE","map01523","Antifolate resistance"
"147","ADENOSINE 5'-MONOPHOSPHATE","map01100","Metabolic pathways"
"148","ADENOSINE 5'-MONOPHOSPHATE","map00350","Tyrosine metabolism"
"149","ADENOSINE 5'-MONOPHOSPHATE","map04918","Thyroid hormone synthesis"
"150","3,5-DIIODO-L-TYROSINE","map01100","Metabolic pathways"
"151","3,5-DIIODO-L-TYROSINE","map00350","Tyrosine metabolism"
"152","3,5-DIIODO-L-TYROSINE","map04918","Thyroid hormone synthesis"
"153","1-STEAROYL-SN-GLYCERO-3-PHOSPHOCHOLINE","map00564","Glycerophospholipid metabolism"
"154","1-STEAROYL-SN-GLYCERO-3-PHOSPHOCHOLINE","map04148","Efferocytosis"
"155","1-STEAROYL-SN-GLYCERO-3-PHOSPHOCHOLINE","map05231","Choline metabolism in cancer"
"156","2'-Deoxyguanosine 5'-monophosphate","map01100","Metabolic pathways"
"157","2'-Deoxyguanosine 5'-monophosphate","map01232","Nucleotide metabolism"
"158","2'-Deoxyguanosine 5'-monophosphate","map00230","Purine metabolism"
"159","3-Hydroxypropanoic acid","map01100","Metabolic pathways"
"160","3-Hydroxypropanoic acid","map01120","Microbial metabolism in diverse environments"
"161","3-Hydroxypropanoic acid","map01200","Carbon metabolism"
"162","3-Hydroxypropanoic acid","map00640","Propanoate metabolism"
"163","3-Hydroxypropanoic acid","map00720","Other carbon fixation pathways"
"164","3-Hydroxypropanoic acid","map00240","Pyrimidine metabolism"
"165","3-Hydroxypropanoic acid","map00410","beta-Alanine metabolism"
"167","Cysteic Acid","map01100","Metabolic pathways"
"168","Cysteic Acid","map00270","Cysteine and methionine metabolism"
"169","Cysteic Acid","map00430","Taurine and hypotaurine metabolism"
"170","Cysteic Acid","map04080","Neuroactive ligand-receptor interaction"
"172","Glycolic acid","map00071","Fatty acid degradation"
"174","Inosine 5'-monophosphate","map01100","Metabolic pathways"
"175","Inosine 5'-monophosphate","map01110","Biosynthesis of secondary metabolites"
"176","Inosine 5'-monophosphate","map01232","Nucleotide metabolism"
"177","Inosine 5'-monophosphate","map01240","Biosynthesis of cofactors"
"178","Inosine 5'-monophosphate","map00230","Purine metabolism"
"179","Inosine 5'-monophosphate","map01060","Biosynthesis of plant secondary metabolites"
"180","Inosine 5'-monophosphate","map01065","Biosynthesis of alkaloids derived from histidine and purine"
"181","Inosine 5'-monophosphate","map01070","Biosynthesis of plant hormones"
"182","Inosine 5'-monophosphate","map04742","Taste transduction"
"183","Inosine 5'-monophosphate","map01523","Antifolate resistance"
"184","Isobutyric acid","map01100","Metabolic pathways"
"185","Isobutyric acid","map01120","Microbial metabolism in diverse environments"
"186","Isobutyric acid","map01220","Degradation of aromatic compounds"
"187","Isobutyric acid","map04974","Protein digestion and absorption"
"188","Myo-Inositol","map01100","Metabolic pathways"
"189","Myo-Inositol","map01110","Biosynthesis of secondary metabolites"
"190","Myo-Inositol","map01120","Microbial metabolism in diverse environments"
"191","Myo-Inositol","map01250","Biosynthesis of nucleotide sugars"
"192","Myo-Inositol","map00052","Galactose metabolism"
"193","Myo-Inositol","map00053","Ascorbate and aldarate metabolism"
"194","Myo-Inositol","map00562","Inositol phosphate metabolism"
"195","Myo-Inositol","map00521","Streptomycin biosynthesis"
"196","Myo-Inositol","map02010","ABC transporters"
"197","Myo-Inositol","map04070","Phosphatidylinositol signaling system"
"199","Propionic acid","map01100","Metabolic pathways"
"200","Propionic acid","map01120","Microbial metabolism in diverse environments"
"201","Propionic acid","map01220","Degradation of aromatic compounds"
"202","Propionic acid","map00640","Propanoate metabolism"
"203","Propionic acid","map00760","Nicotinate and nicotinamide metabolism"
"204","Propionic acid","map00642","Ethylbenzene degradation"
"205","Propionic acid","map04973","Carbohydrate digestion and absorption"
"206","Propionic acid","map04974","Protein digestion and absorption"
"207","Pyruvic acid","map01100","Metabolic pathways"
"208","Pyruvic acid","map01110","Biosynthesis of secondary metabolites"
"209","Pyruvic acid","map01120","Microbial metabolism in diverse environments"
"210","Pyruvic acid","map01200","Carbon metabolism"
"211","Pyruvic acid","map01210","2-Oxocarboxylic acid metabolism"
"212","Pyruvic acid","map01230","Biosynthesis of amino acids"
"213","Pyruvic acid","map01240","Biosynthesis of cofactors"
"214","Pyruvic acid","map01220","Degradation of aromatic compounds"
"215","Pyruvic acid","map00010","Glycolysis / Gluconeogenesis"
"216","Pyruvic acid","map00020","Citrate cycle (TCA cycle)"
"217","Pyruvic acid","map00030","Pentose phosphate pathway"
"218","Pyruvic acid","map00040","Pentose and glucuronate interconversions"
"219","Pyruvic acid","map00053","Ascorbate and aldarate metabolism"
"220","Pyruvic acid","map00620","Pyruvate metabolism"
"221","Pyruvic acid","map00630","Glyoxylate and dicarboxylate metabolism"
"222","Pyruvic acid","map00650","Butanoate metabolism"
"223","Pyruvic acid","map00660","C5-Branched dibasic acid metabolism"
"224","Pyruvic acid","map00710","Carbon fixation by Calvin cycle"
"225","Pyruvic acid","map00720","Other carbon fixation pathways"
"226","Pyruvic acid","map00680","Methane metabolism"
"227","Pyruvic acid","map00250","Alanine, aspartate and glutamate metabolism"
"228","Pyruvic acid","map00260","Glycine, serine and threonine metabolism"
"229","Pyruvic acid","map00270","Cysteine and methionine metabolism"
"230","Pyruvic acid","map00290","Valine, leucine and isoleucine biosynthesis"
"231","Pyruvic acid","map00330","Arginine and proline metabolism"
"232","Pyruvic acid","map00350","Tyrosine metabolism"
"233","Pyruvic acid","map00360","Phenylalanine metabolism"
"234","Pyruvic acid","map00430","Taurine and hypotaurine metabolism"
"235","Pyruvic acid","map00440","Phosphonate and phosphinate metabolism"
"236","Pyruvic acid","map00470","D-Amino acid metabolism"
"237","Pyruvic acid","map00730","Thiamine metabolism"
"238","Pyruvic acid","map00760","Nicotinate and nicotinamide metabolism"
"239","Pyruvic acid","map00770","Pantothenate and CoA biosynthesis"
"240","Pyruvic acid","map00785","Lipoic acid metabolism"
"241","Pyruvic acid","map00900","Terpenoid backbone biosynthesis"
"242","Pyruvic acid","map00261","Monobactam biosynthesis"
"243","Pyruvic acid","map00998","Biosynthesis of various antibiotics"
"244","Pyruvic acid","map00997","Biosynthesis of various other secondary metabolites"
"245","Pyruvic acid","map00362","Benzoate degradation"
"246","Pyruvic acid","map00622","Xylene degradation"
"247","Pyruvic acid","map00621","Dioxin degradation"
"248","Pyruvic acid","map01060","Biosynthesis of plant secondary metabolites"
"249","Pyruvic acid","map01061","Biosynthesis of phenylpropanoids"
"250","Pyruvic acid","map01062","Biosynthesis of terpenoids and steroids"
"251","Pyruvic acid","map01063","Biosynthesis of alkaloids derived from shikimate pathway"
"252","Pyruvic acid","map01064","Biosynthesis of alkaloids derived from ornithine, lysine and nicotinic acid"
"253","Pyruvic acid","map01065","Biosynthesis of alkaloids derived from histidine and purine"
"254","Pyruvic acid","map01066","Biosynthesis of alkaloids derived from terpenoid and polyketide"
"255","Pyruvic acid","map01070","Biosynthesis of plant hormones"
"256","Pyruvic acid","map02060","Phosphotransferase system (PTS)"
"257","Pyruvic acid","map04066","HIF-1 signaling pathway"
"258","Pyruvic acid","map04152","AMPK signaling pathway"
"259","Pyruvic acid","map04911","Insulin secretion"
"260","Pyruvic acid","map04922","Glucagon signaling pathway"
"261","Pyruvic acid","map05230","Central carbon metabolism in cancer"
"262","Pyruvic acid","map05415","Diabetic cardiomyopathy"
"263","Pyruvic acid","map04930","Type II diabetes mellitus"
"264","Pyruvic acid","map04931","Insulin resistance"
"265","Pyruvic acid","map01502","Vancomycin resistance"
"266","Carnitine","map01100","Metabolic pathways"
"267","Carnitine","map00310","Lysine degradation"
"268","Carnitine","map02010","ABC transporters"
"269","Acetyl carnitine","map04931","Insulin resistance"
"275","Hexadecanoyl carnitine","map01212","Fatty acid metabolism"
"276","Hexadecanoyl carnitine","map00071","Fatty acid degradation"
"281","Hexadecenoyl carnitine","map01212","Fatty acid metabolism"
"282","Hexadecenoyl carnitine","map00071","Fatty acid degradation"
"294","METHIONINE","map01100","Metabolic pathways"
"295","METHIONINE","map01110","Biosynthesis of secondary metabolites"
"296","METHIONINE","map01210","2-Oxocarboxylic acid metabolism"
"297","METHIONINE","map01230","Biosynthesis of amino acids"
"298","METHIONINE","map01240","Biosynthesis of cofactors"
"299","METHIONINE","map00270","Cysteine and methionine metabolism"
"300","METHIONINE","map00470","D-Amino acid metabolism"
"301","METHIONINE","map00966","Glucosinolate biosynthesis"
"302","METHIONINE","map00999","Biosynthesis of various plant secondary metabolites"
"303","METHIONINE","map01060","Biosynthesis of plant secondary metabolites"
"304","METHIONINE","map01070","Biosynthesis of plant hormones"
"305","METHIONINE","map00970","Aminoacyl-tRNA biosynthesis"
"306","METHIONINE","map04148","Efferocytosis"
"307","METHIONINE","map04974","Protein digestion and absorption"
"308","METHIONINE","map04980","Cobalamin transport and metabolism"
"309","METHIONINE","map04978","Mineral absorption"
"310","METHIONINE","map05230","Central carbon metabolism in cancer"
"311","METHIONINE","map01523","Antifolate resistance"
"312","ALANINE","map01100","Metabolic pathways"
"313","ALANINE","map01110","Biosynthesis of secondary metabolites"
"314","ALANINE","map01120","Microbial metabolism in diverse environments"
"315","ALANINE","map01200","Carbon metabolism"
"316","ALANINE","map01210","2-Oxocarboxylic acid metabolism"
"317","ALANINE","map01230","Biosynthesis of amino acids"
"318","ALANINE","map00710","Carbon fixation by Calvin cycle"
"319","ALANINE","map00250","Alanine, aspartate and glutamate metabolism"
"320","ALANINE","map00270","Cysteine and methionine metabolism"
"321","ALANINE","map00430","Taurine and hypotaurine metabolism"
"322","ALANINE","map00450","Selenocompound metabolism"
"323","ALANINE","map00470","D-Amino acid metabolism"
"324","ALANINE","map00997","Biosynthesis of various other secondary metabolites"
"325","ALANINE","map01060","Biosynthesis of plant secondary metabolites"
"326","ALANINE","map00970","Aminoacyl-tRNA biosynthesis"
"327","ALANINE","map04122","Sulfur relay system"
"328","ALANINE","map02010","ABC transporters"
"329","ALANINE","map04974","Protein digestion and absorption"
"330","ALANINE","map04978","Mineral absorption"
"331","ALANINE","map05230","Central carbon metabolism in cancer"
"332","ALANINE","map01502","Vancomycin resistance"
"333","ARGININE","map01100","Metabolic pathways"
"334","ARGININE","map01110","Biosynthesis of secondary metabolites"
"335","ARGININE","map01230","Biosynthesis of amino acids"
"336","ARGININE","map00220","Arginine biosynthesis"
"337","ARGININE","map00330","Arginine and proline metabolism"
"338","ARGININE","map00470","D-Amino acid metabolism"
"339","ARGININE","map00261","Monobactam biosynthesis"
"340","ARGININE","map00331","Clavulanic acid biosynthesis"
"341","ARGININE","map00998","Biosynthesis of various antibiotics"
"342","ARGININE","map01060","Biosynthesis of plant secondary metabolites"
"343","ARGININE","map01064","Biosynthesis of alkaloids derived from ornithine, lysine and nicotinic acid"
"344","ARGININE","map00970","Aminoacyl-tRNA biosynthesis"
"345","ARGININE","map02010","ABC transporters"
"346","ARGININE","map04150","mTOR signaling pathway"
"347","ARGININE","map04148","Efferocytosis"
"348","ARGININE","map04974","Protein digestion and absorption"
"349","ARGININE","map05230","Central carbon metabolism in cancer"
"350","ARGININE","map05146","Amoebiasis"
"351","ARGININE","map05142","Chagas disease"
"352","ARGININE","map05014","Amyotrophic lateral sclerosis"
"353","ARGININE","map05022","Pathways of neurodegeneration - multiple diseases"
"354","ASPARAGINE","map01100","Metabolic pathways"
"355","ASPARAGINE","map01110","Biosynthesis of secondary metabolites"
"356","ASPARAGINE","map01230","Biosynthesis of amino acids"
"357","ASPARAGINE","map00250","Alanine, aspartate and glutamate metabolism"
"358","ASPARAGINE","map00460","Cyanoamino acid metabolism"
"359","ASPARAGINE","map01060","Biosynthesis of plant secondary metabolites"
"360","ASPARAGINE","map00970","Aminoacyl-tRNA biosynthesis"
"361","ASPARAGINE","map04974","Protein digestion and absorption"
"362","ASPARAGINE","map04978","Mineral absorption"
"363","ASPARAGINE","map05230","Central carbon metabolism in cancer"
"364","GLUTAMIC ACID","map01100","Metabolic pathways"
"365","GLUTAMIC ACID","map01110","Biosynthesis of secondary metabolites"
"366","GLUTAMIC ACID","map01120","Microbial metabolism in diverse environments"
"367","GLUTAMIC ACID","map01200","Carbon metabolism"
"368","GLUTAMIC ACID","map01210","2-Oxocarboxylic acid metabolism"
"369","GLUTAMIC ACID","map01230","Biosynthesis of amino acids"
"370","GLUTAMIC ACID","map01240","Biosynthesis of cofactors"
"371","GLUTAMIC ACID","map00630","Glyoxylate and dicarboxylate metabolism"
"372","GLUTAMIC ACID","map00650","Butanoate metabolism"
"373","GLUTAMIC ACID","map00660","C5-Branched dibasic acid metabolism"
"374","GLUTAMIC ACID","map00910","Nitrogen metabolism"
"375","GLUTAMIC ACID","map00250","Alanine, aspartate and glutamate metabolism"
"376","GLUTAMIC ACID","map00220","Arginine biosynthesis"
"377","GLUTAMIC ACID","map00330","Arginine and proline metabolism"
"378","GLUTAMIC ACID","map00340","Histidine metabolism"
"379","GLUTAMIC ACID","map00430","Taurine and hypotaurine metabolism"
"380","GLUTAMIC ACID","map00470","D-Amino acid metabolism"
"381","GLUTAMIC ACID","map00480","Glutathione metabolism"
"382","GLUTAMIC ACID","map00860","Porphyrin metabolism"
"383","GLUTAMIC ACID","map00332","Carbapenem biosynthesis"
"384","GLUTAMIC ACID","map00524","Neomycin, kanamycin and gentamicin biosynthesis"
"385","GLUTAMIC ACID","map00998","Biosynthesis of various antibiotics"
"386","GLUTAMIC ACID","map00997","Biosynthesis of various other secondary metabolites"
"387","GLUTAMIC ACID","map01060","Biosynthesis of plant secondary metabolites"
"388","GLUTAMIC ACID","map01064","Biosynthesis of alkaloids derived from ornithine, lysine and nicotinic acid"
"389","GLUTAMIC ACID","map00970","Aminoacyl-tRNA biosynthesis"
"390","GLUTAMIC ACID","map02010","ABC transporters"
"391","GLUTAMIC ACID","map02020","Two-component system"
"392","GLUTAMIC ACID","map04068","FoxO signaling pathway"
"393","GLUTAMIC ACID","map04072","Phospholipase D signaling pathway"
"394","GLUTAMIC ACID","map04080","Neuroactive ligand-receptor interaction"
"395","GLUTAMIC ACID","map04216","Ferroptosis"
"396","GLUTAMIC ACID","map04540","Gap junction"
"397","GLUTAMIC ACID","map04974","Protein digestion and absorption"
"398","GLUTAMIC ACID","map04964","Proximal tubule bicarbonate reclamation"
"399","GLUTAMIC ACID","map04724","Glutamatergic synapse"
"400","GLUTAMIC ACID","map04727","GABAergic synapse"
"401","GLUTAMIC ACID","map04720","Long-term potentiation"
"402","GLUTAMIC ACID","map04730","Long-term depression"
"403","GLUTAMIC ACID","map04723","Retrograde endocannabinoid signaling"
"404","GLUTAMIC ACID","map04721","Synaptic vesicle cycle"
"405","GLUTAMIC ACID","map04742","Taste transduction"
"406","GLUTAMIC ACID","map04713","Circadian entrainment"
"407","GLUTAMIC ACID","map05230","Central carbon metabolism in cancer"
"408","GLUTAMIC ACID","map05014","Amyotrophic lateral sclerosis"
"409","GLUTAMIC ACID","map05016","Huntington disease"
"410","GLUTAMIC ACID","map05017","Spinocerebellar ataxia"
"411","GLUTAMIC ACID","map05022","Pathways of neurodegeneration - multiple diseases"
"412","GLUTAMIC ACID","map05030","Cocaine addiction"
"413","GLUTAMIC ACID","map05031","Amphetamine addiction"
"414","GLUTAMIC ACID","map05033","Nicotine addiction"
"415","GLUTAMIC ACID","map05034","Alcoholism"
"416","HISTIDINE","map01100","Metabolic pathways"
"417","HISTIDINE","map01110","Biosynthesis of secondary metabolites"
"418","HISTIDINE","map01230","Biosynthesis of amino acids"
"419","HISTIDINE","map00340","Histidine metabolism"
"420","HISTIDINE","map00410","beta-Alanine metabolism"
"421","HISTIDINE","map00470","D-Amino acid metabolism"
"422","HISTIDINE","map00404","Staurosporine biosynthesis"
"423","HISTIDINE","map01060","Biosynthesis of plant secondary metabolites"
"424","HISTIDINE","map01065","Biosynthesis of alkaloids derived from histidine and purine"
"425","HISTIDINE","map00970","Aminoacyl-tRNA biosynthesis"
"426","HISTIDINE","map02010","ABC transporters"
"427","HISTIDINE","map04974","Protein digestion and absorption"
"428","HISTIDINE","map05230","Central carbon metabolism in cancer"
"429","ISOLEUCINE","map01100","Metabolic pathways"
"430","ISOLEUCINE","map01110","Biosynthesis of secondary metabolites"
"431","ISOLEUCINE","map01210","2-Oxocarboxylic acid metabolism"
"432","ISOLEUCINE","map01230","Biosynthesis of amino acids"
"433","ISOLEUCINE","map00280","Valine, leucine and isoleucine degradation"
"434","ISOLEUCINE","map00290","Valine, leucine and isoleucine biosynthesis"
"435","ISOLEUCINE","map00460","Cyanoamino acid metabolism"
"436","ISOLEUCINE","map00960","Tropane, piperidine and pyridine alkaloid biosynthesis"
"437","ISOLEUCINE","map00966","Glucosinolate biosynthesis"
"438","ISOLEUCINE","map01060","Biosynthesis of plant secondary metabolites"
"439","ISOLEUCINE","map01064","Biosynthesis of alkaloids derived from ornithine, lysine and nicotinic acid"
"440","ISOLEUCINE","map00970","Aminoacyl-tRNA biosynthesis"
"441","ISOLEUCINE","map02010","ABC transporters"
"442","ISOLEUCINE","map04974","Protein digestion and absorption"
"443","ISOLEUCINE","map04978","Mineral absorption"
"444","ISOLEUCINE","map05230","Central carbon metabolism in cancer"
"445","ISOLEUCINE","map05131","Shigellosis"
"446","LEUCINE","map01100","Metabolic pathways"
"447","LEUCINE","map01110","Biosynthesis of secondary metabolites"
"448","LEUCINE","map01210","2-Oxocarboxylic acid metabolism"
"449","LEUCINE","map01230","Biosynthesis of amino acids"
"450","LEUCINE","map00280","Valine, leucine and isoleucine degradation"
"451","LEUCINE","map00290","Valine, leucine and isoleucine biosynthesis"
"452","LEUCINE","map00966","Glucosinolate biosynthesis"
"453","LEUCINE","map01060","Biosynthesis of plant secondary metabolites"
"454","LEUCINE","map01065","Biosynthesis of alkaloids derived from histidine and purine"
"455","LEUCINE","map00970","Aminoacyl-tRNA biosynthesis"
"456","LEUCINE","map02010","ABC transporters"
"457","LEUCINE","map04150","mTOR signaling pathway"
"458","LEUCINE","map04974","Protein digestion and absorption"
"459","LEUCINE","map04978","Mineral absorption"
"460","LEUCINE","map05230","Central carbon metabolism in cancer"
"461","LEUCINE","map05131","Shigellosis"
"462","LYSINE","map01100","Metabolic pathways"
"463","LYSINE","map01110","Biosynthesis of secondary metabolites"
"464","LYSINE","map01120","Microbial metabolism in diverse environments"
"465","LYSINE","map01210","2-Oxocarboxylic acid metabolism"
"466","LYSINE","map01230","Biosynthesis of amino acids"
"467","LYSINE","map00300","Lysine biosynthesis"
"468","LYSINE","map00310","Lysine degradation"
"469","LYSINE","map00470","D-Amino acid metabolism"
"470","LYSINE","map00780","Biotin metabolism"
"471","LYSINE","map00960","Tropane, piperidine and pyridine alkaloid biosynthesis"
"472","LYSINE","map00997","Biosynthesis of various other secondary metabolites"
"473","LYSINE","map01060","Biosynthesis of plant secondary metabolites"
"474","LYSINE","map01064","Biosynthesis of alkaloids derived from ornithine, lysine and nicotinic acid"
"475","LYSINE","map00970","Aminoacyl-tRNA biosynthesis"
"476","LYSINE","map02010","ABC transporters"
"477","LYSINE","map04974","Protein digestion and absorption"
"478","PHENYLALANINE","map01100","Metabolic pathways"
"479","PHENYLALANINE","map01110","Biosynthesis of secondary metabolites"
"480","PHENYLALANINE","map01210","2-Oxocarboxylic acid metabolism"
"481","PHENYLALANINE","map01230","Biosynthesis of amino acids"
"482","PHENYLALANINE","map00360","Phenylalanine metabolism"
"483","PHENYLALANINE","map00400","Phenylalanine, tyrosine and tryptophan biosynthesis"
"484","PHENYLALANINE","map00460","Cyanoamino acid metabolism"
"485","PHENYLALANINE","map00470","D-Amino acid metabolism"
"486","PHENYLALANINE","map00940","Phenylpropanoid biosynthesis"
"487","PHENYLALANINE","map00960","Tropane, piperidine and pyridine alkaloid biosynthesis"
"488","PHENYLALANINE","map00996","Biosynthesis of various alkaloids"
"489","PHENYLALANINE","map00966","Glucosinolate biosynthesis"
"490","PHENYLALANINE","map00999","Biosynthesis of various plant secondary metabolites"
"491","PHENYLALANINE","map00997","Biosynthesis of various other secondary metabolites"
"492","PHENYLALANINE","map01060","Biosynthesis of plant secondary metabolites"
"493","PHENYLALANINE","map01061","Biosynthesis of phenylpropanoids"
"494","PHENYLALANINE","map01063","Biosynthesis of alkaloids derived from shikimate pathway"
"495","PHENYLALANINE","map01064","Biosynthesis of alkaloids derived from ornithine, lysine and nicotinic acid"
"496","PHENYLALANINE","map01070","Biosynthesis of plant hormones"
"497","PHENYLALANINE","map00970","Aminoacyl-tRNA biosynthesis"
"498","PHENYLALANINE","map02010","ABC transporters"
"499","PHENYLALANINE","map04974","Protein digestion and absorption"
"500","PHENYLALANINE","map04978","Mineral absorption"
"501","PHENYLALANINE","map05230","Central carbon metabolism in cancer"
"502","PROLINE","map01100","Metabolic pathways"
"503","PROLINE","map01110","Biosynthesis of secondary metabolites"
"504","PROLINE","map01230","Biosynthesis of amino acids"
"505","PROLINE","map00330","Arginine and proline metabolism"
"506","PROLINE","map00470","D-Amino acid metabolism"
"507","PROLINE","map00332","Carbapenem biosynthesis"
"508","PROLINE","map00401","Novobiocin biosynthesis"
"509","PROLINE","map00404","Staurosporine biosynthesis"
"510","PROLINE","map00333","Prodigiosin biosynthesis"
"511","PROLINE","map00970","Aminoacyl-tRNA biosynthesis"
"512","PROLINE","map02010","ABC transporters"
"513","PROLINE","map04974","Protein digestion and absorption"
"514","PROLINE","map04978","Mineral absorption"
"515","PROLINE","map05230","Central carbon metabolism in cancer"
"516","SERINE","map01100","Metabolic pathways"
"517","SERINE","map01110","Biosynthesis of secondary metabolites"
"518","SERINE","map01120","Microbial metabolism in diverse environments"
"519","SERINE","map01200","Carbon metabolism"
"520","SERINE","map01230","Biosynthesis of amino acids"
"521","SERINE","map01240","Biosynthesis of cofactors"
"522","SERINE","map00630","Glyoxylate and dicarboxylate metabolism"
"523","SERINE","map00680","Methane metabolism"
"524","SERINE","map00920","Sulfur metabolism"
"525","SERINE","map00564","Glycerophospholipid metabolism"
"526","SERINE","map00600","Sphingolipid metabolism"
"527","SERINE","map00260","Glycine, serine and threonine metabolism"
"528","SERINE","map00270","Cysteine and methionine metabolism"
"529","SERINE","map00460","Cyanoamino acid metabolism"
"530","SERINE","map00470","D-Amino acid metabolism"
"531","SERINE","map01054","Nonribosomal peptide structures"
"532","SERINE","map00261","Monobactam biosynthesis"
"533","SERINE","map00998","Biosynthesis of various antibiotics"
"534","SERINE","map00997","Biosynthesis of various other secondary metabolites"
"535","SERINE","map01060","Biosynthesis of plant secondary metabolites"
"536","SERINE","map00970","Aminoacyl-tRNA biosynthesis"
"537","SERINE","map02010","ABC transporters"
"538","SERINE","map04071","Sphingolipid signaling pathway"
"539","SERINE","map04974","Protein digestion and absorption"
"540","SERINE","map04978","Mineral absorption"
"541","SERINE","map05230","Central carbon metabolism in cancer"
"542","SERINE","map01502","Vancomycin resistance"
"543","THREONINE","map01100","Metabolic pathways"
"544","THREONINE","map01110","Biosynthesis of secondary metabolites"
"545","THREONINE","map01120","Microbial metabolism in diverse environments"
"546","THREONINE","map01230","Biosynthesis of amino acids"
"547","THREONINE","map00260","Glycine, serine and threonine metabolism"
"548","THREONINE","map00290","Valine, leucine and isoleucine biosynthesis"
"549","THREONINE","map00470","D-Amino acid metabolism"
"550","THREONINE","map00860","Porphyrin metabolism"
"551","THREONINE","map00261","Monobactam biosynthesis"
"552","THREONINE","map01060","Biosynthesis of plant secondary metabolites"
"553","THREONINE","map00970","Aminoacyl-tRNA biosynthesis"
"554","THREONINE","map02010","ABC transporters"
"555","THREONINE","map04974","Protein digestion and absorption"
"556","THREONINE","map04978","Mineral absorption"
"557","VALINE","map01100","Metabolic pathways"
"558","VALINE","map01110","Biosynthesis of secondary metabolites"
"559","VALINE","map01210","2-Oxocarboxylic acid metabolism"
"560","VALINE","map01230","Biosynthesis of amino acids"
"561","VALINE","map01240","Biosynthesis of cofactors"
"562","VALINE","map00280","Valine, leucine and isoleucine degradation"
"563","VALINE","map00290","Valine, leucine and isoleucine biosynthesis"
"564","VALINE","map00460","Cyanoamino acid metabolism"
"565","VALINE","map00770","Pantothenate and CoA biosynthesis"
"566","VALINE","map00966","Glucosinolate biosynthesis"
"567","VALINE","map00311","Penicillin and cephalosporin biosynthesis"
"568","VALINE","map01060","Biosynthesis of plant secondary metabolites"
"569","VALINE","map01063","Biosynthesis of alkaloids derived from shikimate pathway"
"570","VALINE","map00970","Aminoacyl-tRNA biosynthesis"
"571","VALINE","map02010","ABC transporters"
"572","VALINE","map04974","Protein digestion and absorption"
"573","VALINE","map04978","Mineral absorption"
"574","VALINE","map05230","Central carbon metabolism in cancer"
"575","GLUTAMINE","map01100","Metabolic pathways"
"576","GLUTAMINE","map01110","Biosynthesis of secondary metabolites"
"577","GLUTAMINE","map01120","Microbial metabolism in diverse environments"
"578","GLUTAMINE","map01230","Biosynthesis of amino acids"
"579","GLUTAMINE","map01232","Nucleotide metabolism"
"580","GLUTAMINE","map01240","Biosynthesis of cofactors"
"581","GLUTAMINE","map00630","Glyoxylate and dicarboxylate metabolism"
"582","GLUTAMINE","map00910","Nitrogen metabolism"
"583","GLUTAMINE","map00230","Purine metabolism"
"584","GLUTAMINE","map00240","Pyrimidine metabolism"
"585","GLUTAMINE","map00250","Alanine, aspartate and glutamate metabolism"
"586","GLUTAMINE","map00220","Arginine biosynthesis"
"587","GLUTAMINE","map00470","D-Amino acid metabolism"
"588","GLUTAMINE","map00750","Vitamin B6 metabolism"
"589","GLUTAMINE","map01060","Biosynthesis of plant secondary metabolites"
"590","GLUTAMINE","map00970","Aminoacyl-tRNA biosynthesis"
"591","GLUTAMINE","map02010","ABC transporters"
"592","GLUTAMINE","map02020","Two-component system"
"593","GLUTAMINE","map04974","Protein digestion and absorption"
"594","GLUTAMINE","map04978","Mineral absorption"
"595","GLUTAMINE","map04964","Proximal tubule bicarbonate reclamation"
"596","GLUTAMINE","map04724","Glutamatergic synapse"
"597","GLUTAMINE","map04727","GABAergic synapse"
"598","GLUTAMINE","map05230","Central carbon metabolism in cancer"
"599","TRYPTOPHAN","map01100","Metabolic pathways"
"600","TRYPTOPHAN","map01110","Biosynthesis of secondary metabolites"
"601","TRYPTOPHAN","map01210","2-Oxocarboxylic acid metabolism"
"602","TRYPTOPHAN","map01230","Biosynthesis of amino acids"
"603","TRYPTOPHAN","map01240","Biosynthesis of cofactors"
"604","TRYPTOPHAN","map00260","Glycine, serine and threonine metabolism"
"605","TRYPTOPHAN","map00380","Tryptophan metabolism"
"606","TRYPTOPHAN","map00400","Phenylalanine, tyrosine and tryptophan biosynthesis"
"607","TRYPTOPHAN","map00901","Indole alkaloid biosynthesis"
"608","TRYPTOPHAN","map00996","Biosynthesis of various alkaloids"
"609","TRYPTOPHAN","map00966","Glucosinolate biosynthesis"
"610","TRYPTOPHAN","map00404","Staurosporine biosynthesis"
"611","TRYPTOPHAN","map00999","Biosynthesis of various plant secondary metabolites"
"612","TRYPTOPHAN","map00997","Biosynthesis of various other secondary metabolites"
"613","TRYPTOPHAN","map01060","Biosynthesis of plant secondary metabolites"
"614","TRYPTOPHAN","map01061","Biosynthesis of phenylpropanoids"
"615","TRYPTOPHAN","map01063","Biosynthesis of alkaloids derived from shikimate pathway"
"616","TRYPTOPHAN","map01070","Biosynthesis of plant hormones"
"617","TRYPTOPHAN","map00970","Aminoacyl-tRNA biosynthesis"
"618","TRYPTOPHAN","map04974","Protein digestion and absorption"
"619","TRYPTOPHAN","map04978","Mineral absorption"
"620","TRYPTOPHAN","map04726","Serotonergic synapse"
"621","TRYPTOPHAN","map04361","Axon regeneration"
"622","TRYPTOPHAN","map05230","Central carbon metabolism in cancer"
"623","TRYPTOPHAN","map05143","African trypanosomiasis"
"624","TYROSINE","map01100","Metabolic pathways"
"625","TYROSINE","map01110","Biosynthesis of secondary metabolites"
"626","TYROSINE","map01210","2-Oxocarboxylic acid metabolism"
"627","TYROSINE","map01230","Biosynthesis of amino acids"
"628","TYROSINE","map01240","Biosynthesis of cofactors"
"629","TYROSINE","map00680","Methane metabolism"
"630","TYROSINE","map00350","Tyrosine metabolism"
"631","TYROSINE","map00360","Phenylalanine metabolism"
"632","TYROSINE","map00400","Phenylalanine, tyrosine and tryptophan biosynthesis"
"633","TYROSINE","map00460","Cyanoamino acid metabolism"
"634","TYROSINE","map00730","Thiamine metabolism"
"635","TYROSINE","map00130","Ubiquinone and other terpenoid-quinone biosynthesis"
"636","TYROSINE","map01059","Biosynthesis of enediyne antibiotics"
"637","TYROSINE","map01055","Biosynthesis of vancomycin group antibiotics"
"638","TYROSINE","map00940","Phenylpropanoid biosynthesis"
"639","TYROSINE","map00950","Isoquinoline alkaloid biosynthesis"
"640","TYROSINE","map00965","Betalain biosynthesis"
"641","TYROSINE","map00966","Glucosinolate biosynthesis"
"642","TYROSINE","map00261","Monobactam biosynthesis"
"643","TYROSINE","map00401","Novobiocin biosynthesis"
"644","TYROSINE","map00998","Biosynthesis of various antibiotics"
"645","TYROSINE","map00999","Biosynthesis of various plant secondary metabolites"
"646","TYROSINE","map00997","Biosynthesis of various other secondary metabolites"
"647","TYROSINE","map01060","Biosynthesis of plant secondary metabolites"
"648","TYROSINE","map01063","Biosynthesis of alkaloids derived from shikimate pathway"
"649","TYROSINE","map00970","Aminoacyl-tRNA biosynthesis"
"650","TYROSINE","map04917","Prolactin signaling pathway"
"651","TYROSINE","map04916","Melanogenesis"
"652","TYROSINE","map04974","Protein digestion and absorption"
"653","TYROSINE","map04728","Dopaminergic synapse"
"654","TYROSINE","map05230","Central carbon metabolism in cancer"
"655","TYROSINE","map05012","Parkinson disease"
"656","TYROSINE","map05030","Cocaine addiction"
"657","TYROSINE","map05031","Amphetamine addiction"
"658","TYROSINE","map05034","Alcoholism"
"659","ASPARTIC ACID","map01100","Metabolic pathways"
"660","ASPARTIC ACID","map01110","Biosynthesis of secondary metabolites"
"661","ASPARTIC ACID","map01120","Microbial metabolism in diverse environments"
"662","ASPARTIC ACID","map01200","Carbon metabolism"
"663","ASPARTIC ACID","map01210","2-Oxocarboxylic acid metabolism"
"664","ASPARTIC ACID","map01230","Biosynthesis of amino acids"
"665","ASPARTIC ACID","map01240","Biosynthesis of cofactors"
"666","ASPARTIC ACID","map00710","Carbon fixation by Calvin cycle"
"667","ASPARTIC ACID","map00250","Alanine, aspartate and glutamate metabolism"
"668","ASPARTIC ACID","map00260","Glycine, serine and threonine metabolism"
"669","ASPARTIC ACID","map00270","Cysteine and methionine metabolism"
"670","ASPARTIC ACID","map00300","Lysine biosynthesis"
"671","ASPARTIC ACID","map00220","Arginine biosynthesis"
"672","ASPARTIC ACID","map00340","Histidine metabolism"
"673","ASPARTIC ACID","map00410","beta-Alanine metabolism"
"674","ASPARTIC ACID","map00460","Cyanoamino acid metabolism"
"675","ASPARTIC ACID","map00470","D-Amino acid metabolism"
"676","ASPARTIC ACID","map00760","Nicotinate and nicotinamide metabolism"
"677","ASPARTIC ACID","map00770","Pantothenate and CoA biosynthesis"
"678","ASPARTIC ACID","map00261","Monobactam biosynthesis"
"679","ASPARTIC ACID","map00998","Biosynthesis of various antibiotics"
"680","ASPARTIC ACID","map00999","Biosynthesis of various plant secondary metabolites"
"681","ASPARTIC ACID","map00997","Biosynthesis of various other secondary metabolites"
"682","ASPARTIC ACID","map01060","Biosynthesis of plant secondary metabolites"
"683","ASPARTIC ACID","map01064","Biosynthesis of alkaloids derived from ornithine, lysine and nicotinic acid"
"684","ASPARTIC ACID","map01070","Biosynthesis of plant hormones"
"685","ASPARTIC ACID","map00970","Aminoacyl-tRNA biosynthesis"
"686","ASPARTIC ACID","map02010","ABC transporters"
"687","ASPARTIC ACID","map02020","Two-component system"
"688","ASPARTIC ACID","map04080","Neuroactive ligand-receptor interaction"
"689","ASPARTIC ACID","map02030","Bacterial chemotaxis"
"690","ASPARTIC ACID","map04974","Protein digestion and absorption"
"691","ASPARTIC ACID","map05230","Central carbon metabolism in cancer"
"692","CITRATE","map01100","Metabolic pathways"
"693","CITRATE","map01110","Biosynthesis of secondary metabolites"
"694","CITRATE","map01120","Microbial metabolism in diverse environments"
"695","CITRATE","map01200","Carbon metabolism"
"696","CITRATE","map01210","2-Oxocarboxylic acid metabolism"
"697","CITRATE","map01230","Biosynthesis of amino acids"
"698","CITRATE","map01240","Biosynthesis of cofactors"
"699","CITRATE","map00020","Citrate cycle (TCA cycle)"
"700","CITRATE","map00630","Glyoxylate and dicarboxylate metabolism"
"701","CITRATE","map00720","Other carbon fixation pathways"
"702","CITRATE","map00250","Alanine, aspartate and glutamate metabolism"
"703","CITRATE","map01053","Biosynthesis of siderophore group nonribosomal peptides"
"704","CITRATE","map01060","Biosynthesis of plant secondary metabolites"
"705","CITRATE","map01061","Biosynthesis of phenylpropanoids"
"706","CITRATE","map01062","Biosynthesis of terpenoids and steroids"
"707","CITRATE","map01063","Biosynthesis of alkaloids derived from shikimate pathway"
"708","CITRATE","map01064","Biosynthesis of alkaloids derived from ornithine, lysine and nicotinic acid"
"709","CITRATE","map01065","Biosynthesis of alkaloids derived from histidine and purine"
"710","CITRATE","map01066","Biosynthesis of alkaloids derived from terpenoid and polyketide"
"711","CITRATE","map01070","Biosynthesis of plant hormones"
"712","CITRATE","map02020","Two-component system"
"713","CITRATE","map04922","Glucagon signaling pathway"
"714","CITRATE","map04742","Taste transduction"
"715","CITRATE","map05230","Central carbon metabolism in cancer"
"716","ISOCITRATE","map01100","Metabolic pathways"
"717","ISOCITRATE","map01110","Biosynthesis of secondary metabolites"
"718","ISOCITRATE","map01120","Microbial metabolism in diverse environments"
"719","ISOCITRATE","map01200","Carbon metabolism"
"720","ISOCITRATE","map01210","2-Oxocarboxylic acid metabolism"
"721","ISOCITRATE","map01230","Biosynthesis of amino acids"
"722","ISOCITRATE","map01240","Biosynthesis of cofactors"
"723","ISOCITRATE","map00020","Citrate cycle (TCA cycle)"
"724","ISOCITRATE","map00630","Glyoxylate and dicarboxylate metabolism"
"725","ISOCITRATE","map00720","Other carbon fixation pathways"
"726","ISOCITRATE","map01060","Biosynthesis of plant secondary metabolites"
"727","ISOCITRATE","map01061","Biosynthesis of phenylpropanoids"
"728","ISOCITRATE","map01062","Biosynthesis of terpenoids and steroids"
"729","ISOCITRATE","map01063","Biosynthesis of alkaloids derived from shikimate pathway"
"730","ISOCITRATE","map01064","Biosynthesis of alkaloids derived from ornithine, lysine and nicotinic acid"
"731","ISOCITRATE","map01065","Biosynthesis of alkaloids derived from histidine and purine"
"732","ISOCITRATE","map01066","Biosynthesis of alkaloids derived from terpenoid and polyketide"
"733","ISOCITRATE","map01070","Biosynthesis of plant hormones"
"734","ISOCITRATE","map04922","Glucagon signaling pathway"
"735","ISOCITRATE","map05230","Central carbon metabolism in cancer"
"736","SUCCINATE","map01100","Metabolic pathways"
"737","SUCCINATE","map01110","Biosynthesis of secondary metabolites"
"738","SUCCINATE","map01120","Microbial metabolism in diverse environments"
"739","SUCCINATE","map01200","Carbon metabolism"
"740","SUCCINATE","map01220","Degradation of aromatic compounds"
"741","SUCCINATE","map00020","Citrate cycle (TCA cycle)"
"742","SUCCINATE","map00620","Pyruvate metabolism"
"743","SUCCINATE","map00630","Glyoxylate and dicarboxylate metabolism"
"744","SUCCINATE","map00640","Propanoate metabolism"
"745","SUCCINATE","map00650","Butanoate metabolism"
"746","SUCCINATE","map00190","Oxidative phosphorylation"
"747","SUCCINATE","map00720","Other carbon fixation pathways"
"748","SUCCINATE","map00920","Sulfur metabolism"
"749","SUCCINATE","map00250","Alanine, aspartate and glutamate metabolism"
"750","SUCCINATE","map00310","Lysine degradation"
"751","SUCCINATE","map00350","Tyrosine metabolism"
"752","SUCCINATE","map00360","Phenylalanine metabolism"
"753","SUCCINATE","map00760","Nicotinate and nicotinamide metabolism"
"754","SUCCINATE","map00361","Chlorocyclohexane and chlorobenzene degradation"
"755","SUCCINATE","map01060","Biosynthesis of plant secondary metabolites"
"756","SUCCINATE","map01061","Biosynthesis of phenylpropanoids"
"757","SUCCINATE","map01062","Biosynthesis of terpenoids and steroids"
"758","SUCCINATE","map01063","Biosynthesis of alkaloids derived from shikimate pathway"
"759","SUCCINATE","map01064","Biosynthesis of alkaloids derived from ornithine, lysine and nicotinic acid"
"760","SUCCINATE","map01065","Biosynthesis of alkaloids derived from histidine and purine"
"761","SUCCINATE","map01066","Biosynthesis of alkaloids derived from terpenoid and polyketide"
"762","SUCCINATE","map01070","Biosynthesis of plant hormones"
"763","SUCCINATE","map02020","Two-component system"
"764","SUCCINATE","map04024","cAMP signaling pathway"
"765","SUCCINATE","map04922","Glucagon signaling pathway"
"766","SUCCINATE","map04727","GABAergic synapse"
"767","SUCCINATE","map05230","Central carbon metabolism in cancer"
"768","MALATE","map01100","Metabolic pathways"
"769","MALATE","map01110","Biosynthesis of secondary metabolites"
"770","MALATE","map01120","Microbial metabolism in diverse environments"
"771","MALATE","map01200","Carbon metabolism"
"772","MALATE","map00020","Citrate cycle (TCA cycle)"
"773","MALATE","map00620","Pyruvate metabolism"
"774","MALATE","map00630","Glyoxylate and dicarboxylate metabolism"
"775","MALATE","map00710","Carbon fixation by Calvin cycle"
"776","MALATE","map00720","Other carbon fixation pathways"
"777","MALATE","map00680","Methane metabolism"
"778","MALATE","map01060","Biosynthesis of plant secondary metabolites"
"779","MALATE","map01061","Biosynthesis of phenylpropanoids"
"780","MALATE","map01062","Biosynthesis of terpenoids and steroids"
"781","MALATE","map01063","Biosynthesis of alkaloids derived from shikimate pathway"
"782","MALATE","map01064","Biosynthesis of alkaloids derived from ornithine, lysine and nicotinic acid"
"783","MALATE","map01065","Biosynthesis of alkaloids derived from histidine and purine"
"784","MALATE","map01066","Biosynthesis of alkaloids derived from terpenoid and polyketide"
"785","MALATE","map01070","Biosynthesis of plant hormones"
"786","MALATE","map02020","Two-component system"
"787","MALATE","map04922","Glucagon signaling pathway"
"788","MALATE","map04964","Proximal tubule bicarbonate reclamation"
"789","MALATE","map04742","Taste transduction"
"790","MALATE","map05200","Pathways in cancer"
"791","MALATE","map05230","Central carbon metabolism in cancer"
"792","MALATE","map05211","Renal cell carcinoma"
"793","ITACONATE","map01100","Metabolic pathways"
"794","ITACONATE","map00660","C5-Branched dibasic acid metabolism"
"795","GLUCOSE","map01100","Metabolic pathways"
"796","GLUCOSE","map01110","Biosynthesis of secondary metabolites"
"797","GLUCOSE","map00010","Glycolysis / Gluconeogenesis"
"798","GLUCOSE","map00030","Pentose phosphate pathway"
"799","GLUCOSE","map00052","Galactose metabolism"
"800","GLUCOSE","map00500","Starch and sucrose metabolism"
"801","GLUCOSE","map00520","Amino sugar and nucleotide sugar metabolism"
"802","GLUCOSE","map00074","Mycolic acid biosynthesis"
"803","GLUCOSE","map00901","Indole alkaloid biosynthesis"
"804","GLUCOSE","map00521","Streptomycin biosynthesis"
"805","GLUCOSE","map00524","Neomycin, kanamycin and gentamicin biosynthesis"
"806","GLUCOSE","map02010","ABC transporters"
"807","GLUCOSE","map02060","Phosphotransferase system (PTS)"
"808","GLUCOSE","map02020","Two-component system"
"809","GLUCOSE","map04066","HIF-1 signaling pathway"
"810","GLUCOSE","map04068","FoxO signaling pathway"
"811","GLUCOSE","map04152","AMPK signaling pathway"
"812","GLUCOSE","map04148","Efferocytosis"
"813","GLUCOSE","map04113","Meiosis - yeast"
"814","GLUCOSE","map05111","Biofilm formation - Vibrio cholerae"
"815","GLUCOSE","map04911","Insulin secretion"
"816","GLUCOSE","map04910","Insulin signaling pathway"
"817","GLUCOSE","map04922","Glucagon signaling pathway"
"818","GLUCOSE","map04917","Prolactin signaling pathway"
"819","GLUCOSE","map04976","Bile secretion"
"820","GLUCOSE","map04973","Carbohydrate digestion and absorption"
"821","GLUCOSE","map04978","Mineral absorption"
"822","GLUCOSE","map04742","Taste transduction"
"823","GLUCOSE","map05230","Central carbon metabolism in cancer"
"824","GLUCOSE","map05415","Diabetic cardiomyopathy"
"825","GLUCOSE","map04930","Type II diabetes mellitus"
"826","GLUCOSE","map04932","Non-alcoholic fatty liver disease"
"827","GLUCOSE","map04931","Insulin resistance"
"828","GLUCOSE","map04933","AGE-RAGE signaling pathway in diabetic complications"
"829","GLUCOSE 6 PHOSPHATE","map01100","Metabolic pathways"
"830","GLUCOSE 6 PHOSPHATE","map01110","Biosynthesis of secondary metabolites"
"831","GLUCOSE 6 PHOSPHATE","map00500","Starch and sucrose metabolism"
"832","GLUCOSE 6 PHOSPHATE","map00562","Inositol phosphate metabolism"
"833","GLUCOSE 6 PHOSPHATE","map00521","Streptomycin biosynthesis"
"834","GLUCOSE 6 PHOSPHATE","map00524","Neomycin, kanamycin and gentamicin biosynthesis"
"835","GLUCOSE 6 PHOSPHATE","map00998","Biosynthesis of various antibiotics"
"836","GLUCOSE 6 PHOSPHATE","map01062","Biosynthesis of terpenoids and steroids"
"837","GLUCOSE 6 PHOSPHATE","map02060","Phosphotransferase system (PTS)"
"838","GLUCOSE 6 PHOSPHATE","map02020","Two-component system"
"839","GLUCOSE 6 PHOSPHATE","map05111","Biofilm formation - Vibrio cholerae"
"840","GLUCOSE 6 PHOSPHATE","map04911","Insulin secretion"
"841","GLUCOSE 6 PHOSPHATE","map04917","Prolactin signaling pathway"
"842","GLUCOSE 6 PHOSPHATE","map04918","Thyroid hormone synthesis"
"843","GLUCOSE 6 PHOSPHATE","map04973","Carbohydrate digestion and absorption"
"844","GLUCOSE 6 PHOSPHATE","map05230","Central carbon metabolism in cancer"
"845","GLUCOSE 6 PHOSPHATE","map05415","Diabetic cardiomyopathy"
"846","GLUCOSE 6 PHOSPHATE","map04931","Insulin resistance"
"847"," FRUCTOSE 6 PHOSPHATE","map01100","Metabolic pathways"
"848"," FRUCTOSE 6 PHOSPHATE","map01110","Biosynthesis of secondary metabolites"
"849"," FRUCTOSE 6 PHOSPHATE","map01120","Microbial metabolism in diverse environments"
"850"," FRUCTOSE 6 PHOSPHATE","map01200","Carbon metabolism"
"851"," FRUCTOSE 6 PHOSPHATE","map01230","Biosynthesis of amino acids"
"852"," FRUCTOSE 6 PHOSPHATE","map01250","Biosynthesis of nucleotide sugars"
"853"," FRUCTOSE 6 PHOSPHATE","map01240","Biosynthesis of cofactors"
"854"," FRUCTOSE 6 PHOSPHATE","map00010","Glycolysis / Gluconeogenesis"
"855"," FRUCTOSE 6 PHOSPHATE","map00030","Pentose phosphate pathway"
"856"," FRUCTOSE 6 PHOSPHATE","map00051","Fructose and mannose metabolism"
"857"," FRUCTOSE 6 PHOSPHATE","map00052","Galactose metabolism"
"858"," FRUCTOSE 6 PHOSPHATE","map00500","Starch and sucrose metabolism"
"859"," FRUCTOSE 6 PHOSPHATE","map00520","Amino sugar and nucleotide sugar metabolism"
"860"," FRUCTOSE 6 PHOSPHATE","map00710","Carbon fixation by Calvin cycle"
"861"," FRUCTOSE 6 PHOSPHATE","map00680","Methane metabolism"
"862"," FRUCTOSE 6 PHOSPHATE","map00541","O-Antigen nucleotide sugar biosynthesis"
"863"," FRUCTOSE 6 PHOSPHATE","map00998","Biosynthesis of various antibiotics"
"864"," FRUCTOSE 6 PHOSPHATE","map00997","Biosynthesis of various other secondary metabolites"
"865"," FRUCTOSE 6 PHOSPHATE","map01060","Biosynthesis of plant secondary metabolites"
"866"," FRUCTOSE 6 PHOSPHATE","map01061","Biosynthesis of phenylpropanoids"
"867"," FRUCTOSE 6 PHOSPHATE","map01062","Biosynthesis of terpenoids and steroids"
"868"," FRUCTOSE 6 PHOSPHATE","map01063","Biosynthesis of alkaloids derived from shikimate pathway"
"869"," FRUCTOSE 6 PHOSPHATE","map01064","Biosynthesis of alkaloids derived from ornithine, lysine and nicotinic acid"
"870"," FRUCTOSE 6 PHOSPHATE","map01065","Biosynthesis of alkaloids derived from histidine and purine"
"871"," FRUCTOSE 6 PHOSPHATE","map01066","Biosynthesis of alkaloids derived from terpenoid and polyketide"
"872"," FRUCTOSE 6 PHOSPHATE","map01070","Biosynthesis of plant hormones"
"873"," FRUCTOSE 6 PHOSPHATE","map04152","AMPK signaling pathway"
"874"," FRUCTOSE 6 PHOSPHATE","map04922","Glucagon signaling pathway"
"875"," FRUCTOSE 6 PHOSPHATE","map05230","Central carbon metabolism in cancer"
"876"," FRUCTOSE 6 PHOSPHATE","map05415","Diabetic cardiomyopathy"
"877"," FRUCTOSE 6 PHOSPHATE","map04931","Insulin resistance"
"879","LACTATE","map01100","Metabolic pathways"
"880","LACTATE","map01110","Biosynthesis of secondary metabolites"
"881","LACTATE","map01120","Microbial metabolism in diverse environments"
"882","LACTATE","map00010","Glycolysis / Gluconeogenesis"
"883","LACTATE","map00051","Fructose and mannose metabolism"
"884","LACTATE","map00620","Pyruvate metabolism"
"885","LACTATE","map00640","Propanoate metabolism"
"886","LACTATE","map00643","Styrene degradation"
"887","LACTATE","map04066","HIF-1 signaling pathway"
"888","LACTATE","map04024","cAMP signaling pathway"
"889","LACTATE","map04148","Efferocytosis"
"890","LACTATE","map04922","Glucagon signaling pathway"
"891","LACTATE","map05230","Central carbon metabolism in cancer"
"892","BETA-HYDROXYBUTYRIC ACID","map01100","Metabolic pathways"
"893","BETA-HYDROXYBUTYRIC ACID","map00650","Butanoate metabolism"
"894","BETA-HYDROXYBUTYRIC ACID","map04024","cAMP signaling pathway"
"895","URACIL","map01100","Metabolic pathways"
"896","URACIL","map01232","Nucleotide metabolism"
"897","URACIL","map00240","Pyrimidine metabolism"
"898","URACIL","map00410","beta-Alanine metabolism"
"899","URACIL","map00770","Pantothenate and CoA biosynthesis"
"903","TAURINE","map01100","Metabolic pathways"
"904","TAURINE","map00920","Sulfur metabolism"
"905","TAURINE","map00120","Primary bile acid biosynthesis"
"906","TAURINE","map00430","Taurine and hypotaurine metabolism"
"907","TAURINE","map02010","ABC transporters"
"908","TAURINE","map04080","Neuroactive ligand-receptor interaction"
"909","PYROGLUTAMIC ACID","map01100","Metabolic pathways"
"910","PYROGLUTAMIC ACID","map00480","Glutathione metabolism"
"911","KETOLEUCINE","map01100","Metabolic pathways"
"912","KETOLEUCINE","map01110","Biosynthesis of secondary metabolites"
"913","KETOLEUCINE","map01210","2-Oxocarboxylic acid metabolism"
"914","KETOLEUCINE","map01230","Biosynthesis of amino acids"
"915","KETOLEUCINE","map00280","Valine, leucine and isoleucine degradation"
"916","KETOLEUCINE","map00290","Valine, leucine and isoleucine biosynthesis"
"917","KETOLEUCINE","map00785","Lipoic acid metabolism"
"918","KETOLEUCINE","map00966","Glucosinolate biosynthesis"
"920","CREATINE","map01100","Metabolic pathways"
"921","CREATINE","map00260","Glycine, serine and threonine metabolism"
"922","CREATINE","map00330","Arginine and proline metabolism"
"923","GLUTARATE","map01100","Metabolic pathways"
"924","GLUTARATE","map01120","Microbial metabolism in diverse environments"
"925","GLUTARATE","map00071","Fatty acid degradation"
"926","GLUTARATE","map00310","Lysine degradation"
"928","THREONIC ACID","map01100","Metabolic pathways"
"929","THREONIC ACID","map00053","Ascorbate and aldarate metabolism"
"930","HYPOXANTHINE","map01100","Metabolic pathways"
"931","HYPOXANTHINE","map01232","Nucleotide metabolism"
"932","HYPOXANTHINE","map00230","Purine metabolism"
"933","ANTHRANILIC ACID","map01100","Metabolic pathways"
"934","ANTHRANILIC ACID","map01110","Biosynthesis of secondary metabolites"
"935","ANTHRANILIC ACID","map01120","Microbial metabolism in diverse environments"
"936","ANTHRANILIC ACID","map01230","Biosynthesis of amino acids"
"937","ANTHRANILIC ACID","map01220","Degradation of aromatic compounds"
"938","ANTHRANILIC ACID","map00380","Tryptophan metabolism"
"939","ANTHRANILIC ACID","map00400","Phenylalanine, tyrosine and tryptophan biosynthesis"
"940","ANTHRANILIC ACID","map00996","Biosynthesis of various alkaloids"
"941","ANTHRANILIC ACID","map00405","Phenazine biosynthesis"
"942","ANTHRANILIC ACID","map00998","Biosynthesis of various antibiotics"
"943","ANTHRANILIC ACID","map00999","Biosynthesis of various plant secondary metabolites"
"944","ANTHRANILIC ACID","map00997","Biosynthesis of various other secondary metabolites"
"945","ANTHRANILIC ACID","map00627","Aminobenzoate degradation"
"946","ANTHRANILIC ACID","map00621","Dioxin degradation"
"947","ANTHRANILIC ACID","map01060","Biosynthesis of plant secondary metabolites"
"948","ANTHRANILIC ACID","map01061","Biosynthesis of phenylpropanoids"
"949","ANTHRANILIC ACID","map01063","Biosynthesis of alkaloids derived from shikimate pathway"
"950","ANTHRANILIC ACID","map01070","Biosynthesis of plant hormones"
"951","ANTHRANILIC ACID","map07110","Benzoic acid family"
"952","O-PHOSPHORYLETHANOLAMINE","map01100","Metabolic pathways"
"953","O-PHOSPHORYLETHANOLAMINE","map00564","Glycerophospholipid metabolism"
"954","O-PHOSPHORYLETHANOLAMINE","map00600","Sphingolipid metabolism"
"955","O-PHOSPHORYLETHANOLAMINE","map00563","Glycosylphosphatidylinositol (GPI)-anchor biosynthesis"
"956","O-PHOSPHORYLETHANOLAMINE","map04071","Sphingolipid signaling pathway"
"957","O-PHOSPHORYLETHANOLAMINE","map01503","Cationic antimicrobial peptide (CAMP) resistance"
"958","ADIPIC ACID","map01100","Metabolic pathways"
"959","ADIPIC ACID","map01120","Microbial metabolism in diverse environments"
"960","ADIPIC ACID","map01220","Degradation of aromatic compounds"
"961","ADIPIC ACID","map00930","Caprolactam degradation"
"962","XANTHINE","map01100","Metabolic pathways"
"963","XANTHINE","map01110","Biosynthesis of secondary metabolites"
"964","XANTHINE","map01120","Microbial metabolism in diverse environments"
"965","XANTHINE","map01232","Nucleotide metabolism"
"966","XANTHINE","map00230","Purine metabolism"
"967","XANTHINE","map00232","Caffeine metabolism"
"968","XANTHINE","map01060","Biosynthesis of plant secondary metabolites"
"969","XANTHINE","map01065","Biosynthesis of alkaloids derived from histidine and purine"
"970","3-HYDROXYANTHRANILIC ACID","map01100","Metabolic pathways"
"971","3-HYDROXYANTHRANILIC ACID","map01120","Microbial metabolism in diverse environments"
"972","3-HYDROXYANTHRANILIC ACID","map01240","Biosynthesis of cofactors"
"973","3-HYDROXYANTHRANILIC ACID","map00380","Tryptophan metabolism"
"974","3-HYDROXYANTHRANILIC ACID","map00627","Aminobenzoate degradation"
"976","6-CARBOXYHEXANOATE","map01100","Metabolic pathways"
"977","6-CARBOXYHEXANOATE","map01240","Biosynthesis of cofactors"
"978","6-CARBOXYHEXANOATE","map00780","Biotin metabolism"
"980","ALPHA-AMINOADIPATE","map01100","Metabolic pathways"
"981","ALPHA-AMINOADIPATE","map01110","Biosynthesis of secondary metabolites"
"982","ALPHA-AMINOADIPATE","map01120","Microbial metabolism in diverse environments"
"983","ALPHA-AMINOADIPATE","map01210","2-Oxocarboxylic acid metabolism"
"984","ALPHA-AMINOADIPATE","map01230","Biosynthesis of amino acids"
"985","ALPHA-AMINOADIPATE","map00300","Lysine biosynthesis"
"986","ALPHA-AMINOADIPATE","map00310","Lysine degradation"
"987","ALPHA-AMINOADIPATE","map00311","Penicillin and cephalosporin biosynthesis"
"989","3-HYDROXYCINNAMIC ACID","map01100","Metabolic pathways"
"990","3-HYDROXYCINNAMIC ACID","map01120","Microbial metabolism in diverse environments"
"991","3-HYDROXYCINNAMIC ACID","map01220","Degradation of aromatic compounds"
"992","3-HYDROXYCINNAMIC ACID","map00360","Phenylalanine metabolism"
"993","3-PHENYLLACTIC ACID","map01110","Biosynthesis of secondary metabolites"
"994","3-PHENYLLACTIC ACID","map00960","Tropane, piperidine and pyridine alkaloid biosynthesis"
"995","URATE","map01100","Metabolic pathways"
"996","URATE","map01120","Microbial metabolism in diverse environments"
"997","URATE","map00230","Purine metabolism"
"998","URATE","map04976","Bile secretion"
"1001","N-ALPHA-ACETYL-L-ORNITHINE","map01100","Metabolic pathways"
"1002","N-ALPHA-ACETYL-L-ORNITHINE","map01110","Biosynthesis of secondary metabolites"
"1003","N-ALPHA-ACETYL-L-ORNITHINE","map01210","2-Oxocarboxylic acid metabolism"
"1004","N-ALPHA-ACETYL-L-ORNITHINE","map01230","Biosynthesis of amino acids"
"1005","N-ALPHA-ACETYL-L-ORNITHINE","map00220","Arginine biosynthesis"
"1006","GLUTATHIONE (OXIDIZED)","map01100","Metabolic pathways"
"1007","GLUTATHIONE (OXIDIZED)","map01240","Biosynthesis of cofactors"
"1008","GLUTATHIONE (OXIDIZED)","map00270","Cysteine and methionine metabolism"
"1009","GLUTATHIONE (OXIDIZED)","map00480","Glutathione metabolism"
"1010","GLUTATHIONE (OXIDIZED)","map02010","ABC transporters"
"1011","GLUTATHIONE (OXIDIZED)","map04216","Ferroptosis"
"1012","GLUTATHIONE (OXIDIZED)","map04918","Thyroid hormone synthesis"
"1013","GLUTATHIONE (OXIDIZED)","map04976","Bile secretion"
"1014","GLUTATHIONE (OXIDIZED)","map05208","Chemical carcinogenesis - reactive oxygen species"
"1015","GLUTATHIONE (OXIDIZED)","map05415","Diabetic cardiomyopathy"
"1016","N-ACETYLASPARTIC ACID","map01100","Metabolic pathways"
"1017","N-ACETYLASPARTIC ACID","map00250","Alanine, aspartate and glutamate metabolism"
"1018","L-CITRULLINE","map01100","Metabolic pathways"
"1019","L-CITRULLINE","map01110","Biosynthesis of secondary metabolites"
"1020","L-CITRULLINE","map01230","Biosynthesis of amino acids"
"1021","L-CITRULLINE","map00220","Arginine biosynthesis"
"1024","4-PYRIDOXATE","map01100","Metabolic pathways"
"1025","4-PYRIDOXATE","map01120","Microbial metabolism in diverse environments"
"1026","4-PYRIDOXATE","map00750","Vitamin B6 metabolism"
"1029","N-ACETYLGLUTAMIC ACID","map01100","Metabolic pathways"
"1030","N-ACETYLGLUTAMIC ACID","map01110","Biosynthesis of secondary metabolites"
"1031","N-ACETYLGLUTAMIC ACID","map01210","2-Oxocarboxylic acid metabolism"
"1032","N-ACETYLGLUTAMIC ACID","map01230","Biosynthesis of amino acids"
"1033","N-ACETYLGLUTAMIC ACID","map00220","Arginine biosynthesis"
"1034","N-ACETYLGLUTAMIC ACID","map00470","D-Amino acid metabolism"
"1035","D(+)-GALACTURONIC ACID","map01100","Metabolic pathways"
"1036","D(+)-GALACTURONIC ACID","map01250","Biosynthesis of nucleotide sugars"
"1037","D(+)-GALACTURONIC ACID","map01240","Biosynthesis of cofactors"
"1038","D(+)-GALACTURONIC ACID","map00040","Pentose and glucuronate interconversions"
"1039","D(+)-GALACTURONIC ACID","map00053","Ascorbate and aldarate metabolism"
"1040","D(+)-GALACTURONIC ACID","map00520","Amino sugar and nucleotide sugar metabolism"
"1041","D(+)-GALACTURONIC ACID","map02010","ABC transporters"
"1042","D-GLUCONIC ACID","map01100","Metabolic pathways"
"1043","D-GLUCONIC ACID","map01110","Biosynthesis of secondary metabolites"
"1044","D-GLUCONIC ACID","map01120","Microbial metabolism in diverse environments"
"1045","D-GLUCONIC ACID","map01200","Carbon metabolism"
"1046","D-GLUCONIC ACID","map00030","Pentose phosphate pathway"
"1047","3,4-DIHYDROXY-1-PHENYLALANINE","map01100","Metabolic pathways"
"1048","3,4-DIHYDROXY-1-PHENYLALANINE","map01110","Biosynthesis of secondary metabolites"
"1049","3,4-DIHYDROXY-1-PHENYLALANINE","map00350","Tyrosine metabolism"
"1050","3,4-DIHYDROXY-1-PHENYLALANINE","map00950","Isoquinoline alkaloid biosynthesis"
"1051","3,4-DIHYDROXY-1-PHENYLALANINE","map00965","Betalain biosynthesis"
"1052","3,4-DIHYDROXY-1-PHENYLALANINE","map01060","Biosynthesis of plant secondary metabolites"
"1053","3,4-DIHYDROXY-1-PHENYLALANINE","map01063","Biosynthesis of alkaloids derived from shikimate pathway"
"1054","3,4-DIHYDROXY-1-PHENYLALANINE","map04917","Prolactin signaling pathway"
"1055","3,4-DIHYDROXY-1-PHENYLALANINE","map04728","Dopaminergic synapse"
"1056","3,4-DIHYDROXY-1-PHENYLALANINE","map05012","Parkinson disease"
"1057","3,4-DIHYDROXY-1-PHENYLALANINE","map05030","Cocaine addiction"
"1058","3,4-DIHYDROXY-1-PHENYLALANINE","map05031","Amphetamine addiction"
"1059","3,4-DIHYDROXY-1-PHENYLALANINE","map05034","Alcoholism"
"1060","L-DOPA","map01100","Metabolic pathways"
"1061","L-DOPA","map01110","Biosynthesis of secondary metabolites"
"1062","L-DOPA","map00350","Tyrosine metabolism"
"1063","L-DOPA","map00950","Isoquinoline alkaloid biosynthesis"
"1064","L-DOPA","map00965","Betalain biosynthesis"
"1065","L-DOPA","map01060","Biosynthesis of plant secondary metabolites"
"1066","L-DOPA","map01063","Biosynthesis of alkaloids derived from shikimate pathway"
"1067","L-DOPA","map04917","Prolactin signaling pathway"
"1068","L-DOPA","map04728","Dopaminergic synapse"
"1069","L-DOPA","map05012","Parkinson disease"
"1070","L-DOPA","map05030","Cocaine addiction"
"1071","L-DOPA","map05031","Amphetamine addiction"
"1072","L-DOPA","map05034","Alcoholism"
"1073","D-ERYTHROSE-4-PHOSPHATE","map01100","Metabolic pathways"
"1074","D-ERYTHROSE-4-PHOSPHATE","map01110","Biosynthesis of secondary metabolites"
"1075","D-ERYTHROSE-4-PHOSPHATE","map01120","Microbial metabolism in diverse environments"
"1076","D-ERYTHROSE-4-PHOSPHATE","map01200","Carbon metabolism"
"1077","D-ERYTHROSE-4-PHOSPHATE","map01230","Biosynthesis of amino acids"
"1078","D-ERYTHROSE-4-PHOSPHATE","map01240","Biosynthesis of cofactors"
"1079","D-ERYTHROSE-4-PHOSPHATE","map00030","Pentose phosphate pathway"
"1080","D-ERYTHROSE-4-PHOSPHATE","map00710","Carbon fixation by Calvin cycle"
"1081","D-ERYTHROSE-4-PHOSPHATE","map00400","Phenylalanine, tyrosine and tryptophan biosynthesis"
"1082","D-ERYTHROSE-4-PHOSPHATE","map00750","Vitamin B6 metabolism"
"1083","D-ERYTHROSE-4-PHOSPHATE","map00998","Biosynthesis of various antibiotics"
"1084","D-ERYTHROSE-4-PHOSPHATE","map00997","Biosynthesis of various other secondary metabolites"
"1085","D-ERYTHROSE-4-PHOSPHATE","map01060","Biosynthesis of plant secondary metabolites"
"1086","D-ERYTHROSE-4-PHOSPHATE","map01061","Biosynthesis of phenylpropanoids"
"1087","D-ERYTHROSE-4-PHOSPHATE","map01063","Biosynthesis of alkaloids derived from shikimate pathway"
"1088","D-ERYTHROSE-4-PHOSPHATE","map01070","Biosynthesis of plant hormones"
"1091","PANTHENOL","map00770","Pantothenate and CoA biosynthesis"
"1092","N-ACETYL-L-PHENYLALANINE","map01100","Metabolic pathways"
"1093","N-ACETYL-L-PHENYLALANINE","map00360","Phenylalanine metabolism"
"1096","PANTOTHENATE","map01100","Metabolic pathways"
"1097","PANTOTHENATE","map01110","Biosynthesis of secondary metabolites"
"1098","PANTOTHENATE","map01240","Biosynthesis of cofactors"
"1099","PANTOTHENATE","map00410","beta-Alanine metabolism"
"1100","PANTOTHENATE","map00770","Pantothenate and CoA biosynthesis"
"1101","PANTOTHENATE","map04977","Vitamin digestion and absorption"
"1102","D-ARABINOSE-5-PHOSPHATE","map01100","Metabolic pathways"
"1103","D-ARABINOSE-5-PHOSPHATE","map01250","Biosynthesis of nucleotide sugars"
"1104","D-ARABINOSE-5-PHOSPHATE","map00540","Lipopolysaccharide biosynthesis"
"1105","URIDINE","map01100","Metabolic pathways"
"1106","URIDINE","map01232","Nucleotide metabolism"
"1107","URIDINE","map00240","Pyrimidine metabolism"
"1108","URIDINE","map02010","ABC transporters"
"1111","INOSINE","map01100","Metabolic pathways"
"1112","INOSINE","map01232","Nucleotide metabolism"
"1113","INOSINE","map00230","Purine metabolism"
"1114","INOSINE","map02010","ABC transporters"
"1115","LINOLEIC ACID","map01100","Metabolic pathways"
"1116","LINOLEIC ACID","map00591","Linoleic acid metabolism"
"1117","LINOLEIC ACID","map01040","Biosynthesis of unsaturated fatty acids"
"1118","LINOLEIC ACID","map01060","Biosynthesis of plant secondary metabolites"
"1119","XANTHOSINE","map01100","Metabolic pathways"
"1120","XANTHOSINE","map01110","Biosynthesis of secondary metabolites"
"1121","XANTHOSINE","map01232","Nucleotide metabolism"
"1122","XANTHOSINE","map00230","Purine metabolism"
"1123","XANTHOSINE","map00232","Caffeine metabolism"
"1124","XANTHOSINE","map01065","Biosynthesis of alkaloids derived from histidine and purine"
"1125","XANTHOSINE","map02010","ABC transporters"
"1126","STEARIC ACID","map01100","Metabolic pathways"
"1127","STEARIC ACID","map00061","Fatty acid biosynthesis"
"1128","STEARIC ACID","map01040","Biosynthesis of unsaturated fatty acids"
"1129","STEARIC ACID","map01060","Biosynthesis of plant secondary metabolites"
"1130","STEARIC ACID","map04745","Phototransduction - fly"
"1132","N-ACETYLASPARTYLGLUTAMIC ACID","map01100","Metabolic pathways"
"1133","N-ACETYLASPARTYLGLUTAMIC ACID","map00250","Alanine, aspartate and glutamate metabolism"
"1134","N-ACETYLASPARTYLGLUTAMIC ACID","map04080","Neuroactive ligand-receptor interaction"
